{"cameraMode":{"drawMode":0,"name":"Shaded","section":"Shading Mode"},"sceneLighting":true,"audioPlay":false,"sceneViewState":{"showFog":true,"showMaterialUpdate":false,"showSkybox":true,"showFlares":true,"showImageEffects":true,"showParticleSystems":true},"in2DMode":false,"pivot":{"x":0.7484573125839233,"y":2.34495210647583,"z":0.8117914795875549},"rotation":{"x":-0.4845288395881653,"y":-0.0007934871246106923,"z":0.0004337936989031732,"w":-0.874806821346283},"size":3.3947160243988039,"orthographic":false}