{"cameraMode":{"drawMode":0,"name":"Shaded","section":"Shading Mode"},"sceneLighting":true,"audioPlay":false,"sceneViewState":{"showFog":true,"showMaterialUpdate":false,"showSkybox":true,"showFlares":true,"showImageEffects":true,"showParticleSystems":true},"in2DMode":false,"pivot":{"x":0.6011004447937012,"y":1.4962854385375977,"z":-0.6995444297790527},"rotation":{"x":-0.021886510774493219,"y":0.918379008769989,"z":-0.051307570189237598,"w":-0.3917522132396698},"size":10.0,"orthographic":false}