{"cameraMode":{"drawMode":0,"name":"Shaded","section":"Shading Mode"},"sceneLighting":true,"audioPlay":false,"sceneViewState":{"showFog":true,"showMaterialUpdate":false,"showSkybox":true,"showFlares":true,"showImageEffects":true,"showParticleSystems":true},"in2DMode":false,"pivot":{"x":-4.047021389007568,"y":14.114950180053711,"z":-9.093452453613282},"rotation":{"x":-0.3187783658504486,"y":-0.0680726170539856,"z":0.02296086773276329,"w":-0.9451079368591309},"size":5.930904865264893,"orthographic":false}