{"cameraMode":{"drawMode":0,"name":"Shaded","section":"Shading Mode"},"sceneLighting":true,"audioPlay":false,"sceneViewState":{"showFog":true,"showMaterialUpdate":false,"showSkybox":true,"showFlares":true,"showImageEffects":true,"showParticleSystems":true},"in2DMode":false,"pivot":{"x":-1.7396308183670045,"y":3.350161075592041,"z":-0.5199655294418335},"rotation":{"x":-0.41610851883888247,"y":-0.3512454628944397,"z":0.1783542037010193,"w":-0.8195681571960449},"size":2.504978895187378,"orthographic":false}